"","ID","topic","Nationality","condition","block_order","gender","media_time","rt_response","rt_text","news_paper","competence","threat","rating","type"
"1","0","acid rain","Estonia",1,0,"Female",1,3.51886754205862,21.5185878556567,"Politiken",0," safe",2,"contrast"
"2","0","acid rain","Estonia",1,0,"Female",1,3.51886754205862,21.5185878556567,"Politiken",0,"threat",2,"contrast"
"3","0","bacteria","Estonia",1,0,"Female",1,3.16750136379142,30.7775117763367,"EB",0,"threat",3,"contrast"
"4","0","bacteria","Estonia",1,0,"Female",1,3.16750136379142,30.7775117763367,"EB",0," safe",3,"contrast"
"5","0","blue_eyes","Estonia",NA,0,"Female",1,17.3248970677059,31.1653665097856,"MX",0," safe",1,"person"
"6","0","corruption","Estonia",0,0,"Female",1,1.81374733079065,39.537345319307,"Politiken",0,"threat",2,"contrast"
"7","0","corruption","Estonia",0,0,"Female",1,1.81374733079065,39.537345319307,"Politiken",0," safe",2,"contrast"
"8","0","countryside","Estonia",NA,0,"Female",1,2.86853353491279,26.9395477085982,"MX",0," safe",1,"person"
"9","0","hayfever","Estonia",NA,0,"Female",1,3.41249125659306,26.3790217749975,"WA",0," safe",4,"person"
"10","0","infertility","Estonia",NA,0,"Female",1,6.43700410189649,29.8431200480754,"EB",0," safe",3,"person"
"11","0","mafia","Estonia",0,0,"Female",1,1.74998242337824,11.344294987558,"Politiken",0," safe",2,"contrast"
"12","0","mafia","Estonia",0,0,"Female",1,1.74998242337824,11.344294987558,"Politiken",0,"threat",2,"contrast"
"13","0","pets","Estonia",NA,0,"Female",1,5.15460345856627,29.3908286466622,"WA",0," safe",4,"person"
"14","0","pollution","Estonia",1,0,"Female",1,2.68317278307495,31.4285334528031,"MX",0,"threat",1,"contrast"
"15","0","pollution","Estonia",1,0,"Female",1,2.68317278307495,31.4285334528031,"MX",0," safe",1,"contrast"
"16","0","sleep","Estonia",NA,0,"Female",1,17.0011977762624,54.616064981672,"MX",0,"threat",1,"person"
"17","0","volcano","Estonia",0,0,"Female",1,2.22494792444468,19.9935215391879,"Politiken",0,"threat",2,"contrast"
"18","0","volcano","Estonia",0,0,"Female",1,2.22494792444468,19.9935215391879,"Politiken",0," safe",2,"contrast"
"19","10","acid rain","Danish",1,0,"Male",1,4.49904799461365,21.7383899688721,"WA",5," safe",4,"contrast"
"20","10","acid rain","Danish",1,0,"Male",1,4.49904799461365,21.7383899688721,"Politiken",3,"threat",2,"contrast"
"21","10","bacteria","Danish",1,0,"Male",1,0.84329891204834,24.2635509967804,"Politiken",3," safe",2,"contrast"
"22","10","bacteria","Danish",1,0,"Male",1,0.84329891204834,24.2635509967804,"WA",5,"threat",4,"contrast"
"23","10","blue_eyes","Danish",NA,0,"Male",1,8.68057203292847,20.6830711364746,"EB",2,"threat",3,"person"
"24","10","corruption","Danish",0,0,"Male",1,0.826696872711182,28.7860460281372,"Politiken",3," safe",2,"contrast"
"25","10","corruption","Danish",0,0,"Male",1,0.826696872711182,28.7860460281372,"WA",5,"threat",4,"contrast"
"26","10","countryside","Danish",NA,0,"Male",1,3.19247508049011,44.3939249515533,"EB",2,"threat",3,"person"
"27","10","hayfever","Danish",NA,0,"Male",1,3.6705150604248,30.5813889503479,"WA",5," safe",4,"person"
"28","10","infertility","Danish",NA,0,"Male",1,13.3082900047302,31.8251221179962,"MX",1," safe",1,"person"
"29","10","mafia","Danish",0,0,"Male",1,3.69368410110474,19.0358459949493,"EB",2,"threat",3,"contrast"
"30","10","mafia","Danish",0,0,"Male",1,3.69368410110474,19.0358459949493,"MX",1," safe",1,"contrast"
"31","10","pets","Danish",NA,0,"Male",1,2.70557188987732,25.8597087860107,"Politiken",3,"threat",2,"person"
"32","10","pollution","Danish",0,0,"Male",1,5.72337007522583,32.1529951095581,"Politiken",3," safe",2,"contrast"
"33","10","pollution","Danish",0,0,"Male",1,5.72337007522583,32.1529951095581,"Politiken",3,"threat",2,"contrast"
"34","10","sleep","Danish",NA,0,"Male",1,4.03682994842529,24.4119729995728,"Politiken",3,"threat",2,"person"
"35","10","volcano","Danish",1,0,"Male",1,1.51819920539856,17.1209428310394,"WA",5,"threat",4,"contrast"
"36","10","volcano","Danish",1,0,"Male",1,1.51819920539856,17.1209428310394,"EB",2," safe",3,"contrast"
"37","11","acid rain","Dane",0,0,"Female",2,2.70875000953674,30.97780418396,"EB",2," safe",3,"contrast"
"38","11","acid rain","Dane",0,0,"Female",2,2.70875000953674,30.97780418396,"WA",0,"threat",4,"contrast"
"39","11","bacteria","Dane",0,0,"Female",2,12.4744200706482,29.3593111038208,"WA",0,"threat",4,"contrast"
"40","11","bacteria","Dane",0,0,"Female",2,12.4744200706482,29.3593111038208,"Politiken",5," safe",2,"contrast"
"41","11","blue_eyes","Dane",NA,0,"Female",2,5.2630558013916,34.3757889270782,"EB",2," safe",3,"person"
"42","11","corruption","Dane",0,0,"Female",2,2.73993706703186,17.744796037674,"Politiken",5," safe",2,"contrast"
"43","11","corruption","Dane",0,0,"Female",2,2.73993706703186,17.744796037674,"MX",3,"threat",1,"contrast"
"44","11","countryside","Dane",NA,0,"Female",2,109.587301015854,49.7496619224548,"Politiken",5," safe",2,"person"
"45","11","hayfever","Dane",NA,0,"Female",2,5.69771909713745,45.4972789287567,"Politiken",5," safe",2,"person"
"46","11","infertility","Dane",NA,0,"Female",2,4.82588601112366,39.7678360939026,"MX",3," safe",1,"person"
"47","11","mafia","Dane",1,0,"Female",2,2.81871294975281,35.8725819587708,"MX",3,"threat",1,"contrast"
"48","11","mafia","Dane",1,0,"Female",2,2.81871294975281,35.8725819587708,"Politiken",5," safe",2,"contrast"
"49","11","pets","Dane",NA,0,"Female",2,14.6559989452362,53.6640269756317,"MX",3,"threat",1,"person"
"50","11","pollution","Dane",1,0,"Female",2,2.62288594245911,47.2250368595123,"EB",2," safe",3,"contrast"
"51","11","pollution","Dane",1,0,"Female",2,2.62288594245911,47.2250368595123,"MX",3,"threat",1,"contrast"
"52","11","sleep","Dane",NA,0,"Female",2,3.20293307304382,34.9397809505463,"EB",2,"threat",3,"person"
"53","11","volcano","Dane",1,0,"Female",2,5.15528297424316,28.4314439296722,"EB",2," safe",3,"contrast"
"54","11","volcano","Dane",1,0,"Female",2,5.15528297424316,28.4314439296722,"Politiken",5,"threat",2,"contrast"
"55","12","acid rain","Danish",0,1,"Female",4,6.84794902801514,111.936094999313,"EB",1,"threat",3,"contrast"
"56","12","acid rain","Danish",0,1,"Female",4,6.84794902801514,111.936094999313,"MX",2," safe",1,"contrast"
"57","12","bacteria","Danish",1,1,"Female",4,5.60643410682678,18.6360461711884,"Politiken",4," safe",2,"contrast"
"58","12","bacteria","Danish",1,1,"Female",4,5.60643410682678,18.6360461711884,"WA",3,"threat",4,"contrast"
"59","12","blue_eyes","Danish",NA,1,"Female",4,2.22105312347412,14.8710041046143,"EB",1,"threat",3,"person"
"60","12","corruption","Danish",0,1,"Female",4,5.96572399139404,16.6968600749969,"Politiken",4," safe",2,"contrast"
"61","12","corruption","Danish",0,1,"Female",4,5.96572399139404,16.6968600749969,"MX",2,"threat",1,"contrast"
"62","12","countryside","Danish",NA,1,"Female",4,2.42829489707947,31.2582218647003,"EB",1," safe",3,"person"
"63","12","hayfever","Danish",NA,1,"Female",4,8.42361807823181,21.4547400474548,"WA",3," safe",4,"person"
"64","12","infertility","Danish",NA,1,"Female",4,1.96052694320679,18.4408581256866,"Politiken",4,"threat",2,"person"
"65","12","mafia","Danish",0,1,"Female",4,6.78512907028198,19.4857668876648,"EB",1,"threat",3,"contrast"
"66","12","mafia","Danish",0,1,"Female",4,6.78512907028198,19.4857668876648,"Politiken",4," safe",2,"contrast"
"67","12","pets","Danish",NA,1,"Female",4,1.98678016662598,16.8848719596863,"EB",1,"threat",3,"person"
"68","12","pollution","Danish",1,1,"Female",4,2.86437296867371,18.3350992202759,"MX",2,"threat",1,"contrast"
"69","12","pollution","Danish",1,1,"Female",4,2.86437296867371,18.3350992202759,"Politiken",4," safe",2,"contrast"
"70","12","sleep","Danish",NA,1,"Female",4,3.46595406532288,19.246563911438,"MX",2," safe",1,"person"
"71","12","volcano","Danish",1,1,"Female",4,3.01661801338196,14.1923689842224,"Politiken",4," safe",2,"contrast"
"72","12","volcano","Danish",1,1,"Female",4,3.01661801338196,14.1923689842224,"WA",3,"threat",4,"contrast"
"73","13","acid rain","Danish",0,1,"Female",3,3.71310615539551,30.0730390548706,"MX",1,"threat",1,"contrast"
"74","13","acid rain","Danish",0,1,"Female",3,3.71310615539551,30.0730390548706,"Politiken",5," safe",2,"contrast"
"75","13","bacteria","Danish",1,1,"Female",3,5.27728009223938,38.7012610435486,"WA",0," safe",4,"contrast"
"76","13","bacteria","Danish",1,1,"Female",3,5.27728009223938,38.7012610435486,"Politiken",5,"threat",2,"contrast"
"77","13","blue_eyes","Danish",NA,1,"Female",3,2.15767121315002,24.4290339946747,"Politiken",5,"threat",2,"person"
"78","13","corruption","Danish",0,1,"Female",3,5.15972185134888,26.2319779396057,"WA",0,"threat",4,"contrast"
"79","13","corruption","Danish",0,1,"Female",3,5.15972185134888,26.2319779396057,"EB",3," safe",3,"contrast"
"80","13","countryside","Danish",NA,1,"Female",3,2.1443829536438,38.808137178421,"WA",0,"threat",4,"person"
"81","13","hayfever","Danish",NA,1,"Female",3,5.66245102882385,42.755567073822,"WA",0," safe",4,"person"
"82","13","infertility","Danish",NA,1,"Female",3,3.42831015586853,36.958909034729,"EB",3," safe",3,"person"
"83","13","mafia","Danish",0,1,"Female",3,4.76046705245972,33.9305789470673,"EB",3," safe",3,"contrast"
"84","13","mafia","Danish",0,1,"Female",3,4.76046705245972,33.9305789470673,"MX",1,"threat",1,"contrast"
"85","13","pets","Danish",NA,1,"Female",3,1.75172996520996,35.4262189865112,"MX",1,"threat",1,"person"
"86","13","pollution","Danish",1,1,"Female",3,3.07956790924072,27.7802548408508,"Politiken",5,"threat",2,"contrast"
"87","13","pollution","Danish",1,1,"Female",3,3.07956790924072,27.7802548408508,"EB",3," safe",3,"contrast"
"88","13","sleep","Danish",NA,1,"Female",3,1.88349604606628,29.7742629051208,"MX",1,"threat",1,"person"
"89","13","volcano","Danish",1,1,"Female",3,1.47966194152832,25.8718538284302,"Politiken",5," safe",2,"contrast"
"90","13","volcano","Danish",1,1,"Female",3,1.47966194152832,25.8718538284302,"EB",3,"threat",3,"contrast"
"91","14","acid rain","China",0,0,"Female",2,2.43940091133118,17.6129078865051,"WA",4," safe",4,"contrast"
"92","14","acid rain","China",0,0,"Female",2,2.43940091133118,17.6129078865051,"Politiken",5,"threat",2,"contrast"
"93","14","bacteria","China",1,0,"Female",2,2.50687789916992,23.9802100658417,"EB",1," safe",3,"contrast"
"94","14","bacteria","China",1,0,"Female",2,2.50687789916992,23.9802100658417,"Politiken",5,"threat",2,"contrast"
"95","14","blue_eyes","China",NA,0,"Female",2,36.203104019165,18.7157649993896,"WA",4," safe",4,"person"
"96","14","corruption","China",1,0,"Female",2,1.61823320388794,12.3984079360962,"Politiken",5,"threat",2,"contrast"
"97","14","corruption","China",1,0,"Female",2,1.61823320388794,12.3984079360962,"EB",1," safe",3,"contrast"
"98","14","countryside","China",NA,0,"Female",2,3.03389000892639,13.42666888237,"MX",2," safe",1,"person"
"99","14","hayfever","China",NA,0,"Female",2,16.8473899364471,20.6301999092102,"MX",2," safe",1,"person"
"100","14","infertility","China",NA,0,"Female",2,3.37122392654419,19.0253090858459,"MX",2,"threat",1,"person"
"101","14","mafia","China",1,0,"Female",2,4.02979779243469,14.3265280723572,"Politiken",5,"threat",2,"contrast"
"102","14","mafia","China",1,0,"Female",2,4.02979779243469,14.3265280723572,"EB",1," safe",3,"contrast"
"103","14","pets","China",NA,0,"Female",2,3.04138803482056,11.6237292289734,"Politiken",5,"threat",2,"person"
"104","14","pollution","China",0,0,"Female",2,5.82097816467285,21.8631069660187,"WA",4,"threat",4,"contrast"
"105","14","pollution","China",0,0,"Female",2,5.82097816467285,21.8631069660187,"Politiken",5," safe",2,"contrast"
"106","14","sleep","China",NA,0,"Female",2,5.3564600944519,19.5843029022217,"WA",4," safe",4,"person"
"107","14","volcano","China",0,0,"Female",2,1.55967688560486,35.0031890869141,"MX",2," safe",1,"contrast"
"108","14","volcano","China",0,0,"Female",2,1.55967688560486,35.0031890869141,"EB",1,"threat",3,"contrast"
"109","15","acid rain","Latvian",1,0,"Female",1,4.70810079574585,25.4035530090332,"EB",0," safe",3,"contrast"
"110","15","acid rain","Latvian",1,0,"Female",1,4.70810079574585,25.4035530090332,"Politiken",0,"threat",2,"contrast"
"111","15","bacteria","Latvian",0,0,"Female",1,5.87486505508423,31.503114938736,"EB",0," safe",3,"contrast"
"112","15","bacteria","Latvian",0,0,"Female",1,5.87486505508423,31.503114938736,"MX",0,"threat",1,"contrast"
"113","15","blue_eyes","Latvian",NA,0,"Female",1,9.80657601356506,31.6399340629578,"EB",0," safe",3,"person"
"114","15","corruption","Latvian",1,0,"Female",1,0.889361143112183,8.48818302154541,"Politiken",0," safe",2,"contrast"
"115","15","corruption","Latvian",1,0,"Female",1,0.889361143112183,8.48818302154541,"Politiken",0,"threat",2,"contrast"
"116","15","countryside","Latvian",NA,0,"Female",1,12.2727999687195,25.470803976059,"MX",0," safe",1,"person"
"117","15","hayfever","Latvian",NA,0,"Female",1,6.94846796989441,14.583624124527,"MX",0," safe",1,"person"
"118","15","infertility","Latvian",NA,0,"Female",1,5.19147109985352,29.3428790569305,"MX",0,"threat",1,"person"
"119","15","mafia","Latvian",0,0,"Female",1,5.30911588668823,24.3703148365021,"Politiken",0,"threat",2,"contrast"
"120","15","mafia","Latvian",0,0,"Female",1,5.30911588668823,24.3703148365021,"Politiken",0," safe",2,"contrast"
"121","15","pets","Latvian",NA,0,"Female",1,6.62211322784424,20.8788459300995,"WA",0,"threat",4,"person"
"122","15","pollution","Latvian",0,0,"Female",1,3.04118704795837,39.4076709747314,"Politiken",0," safe",2,"contrast"
"123","15","pollution","Latvian",0,0,"Female",1,3.04118704795837,39.4076709747314,"EB",0,"threat",3,"contrast"
"124","15","sleep","Latvian",NA,0,"Female",1,5.99080514907837,30.372575044632,"WA",0,"threat",4,"person"
"125","15","volcano","Latvian",1,0,"Female",1,4.20737314224243,27.2677111625671,"EB",0," safe",3,"contrast"
"126","15","volcano","Latvian",1,0,"Female",1,4.20737314224243,27.2677111625671,"WA",0,"threat",4,"contrast"
"127","20","acid rain","Danish",1,1,"Female",2,6.03931358391128,25.3033740905075,"Politiken",4," safe",2,"contrast"
"128","20","acid rain","Danish",1,1,"Female",2,6.03931358391128,25.3033740905075,"MX",1,"threat",1,"contrast"
"129","20","bacteria","Danish",1,1,"Female",2,2.16200848397875,15.7029283377833,"Politiken",4,"threat",2,"contrast"
"130","20","bacteria","Danish",1,1,"Female",2,2.16200848397875,15.7029283377833,"WA",4," safe",4,"contrast"
"131","20","blue_eyes","Danish",NA,1,"Female",2,4.65966066137298,21.4953464359805,"Politiken",4,"threat",2,"person"
"132","20","corruption","Danish",0,1,"Female",2,2.20752083275602,17.8260029949497,"MX",1,"threat",1,"contrast"
"133","20","corruption","Danish",0,1,"Female",2,2.20752083275602,17.8260029949497,"WA",4," safe",4,"contrast"
"134","20","countryside","Danish",NA,1,"Female",2,10.2005964239197,17.7559860495712,"MX",1," safe",1,"person"
"135","20","hayfever","Danish",NA,1,"Female",2,4.53427769686641,20.2362971835373,"WA",4," safe",4,"person"
"136","20","infertility","Danish",NA,1,"Female",2,2.07594834071824,23.5619394092409,"EB",3,"threat",3,"person"
"137","20","mafia","Danish",0,1,"Female",2,5.15804207503425,25.6007808627055,"EB",3," safe",3,"contrast"
"138","20","mafia","Danish",0,1,"Female",2,5.15804207503425,25.6007808627055,"MX",1,"threat",1,"contrast"
"139","20","pets","Danish",NA,1,"Female",2,4.10877013097524,35.3727228686648,"EB",3,"threat",3,"person"
"140","20","pollution","Danish",0,1,"Female",2,7.4890968657719,28.0403999971268,"WA",4," safe",4,"contrast"
"141","20","pollution","Danish",0,1,"Female",2,7.4890968657719,28.0403999971268,"EB",3,"threat",3,"contrast"
"142","20","sleep","Danish",NA,1,"Female",2,2.52603594144239,22.2110710484467,"WA",4,"threat",4,"person"
"143","20","volcano","Danish",1,1,"Female",2,3.42257830437393,23.9669970553432,"MX",1," safe",1,"contrast"
"144","20","volcano","Danish",1,1,"Female",2,3.42257830437393,23.9669970553432,"Politiken",4,"threat",2,"contrast"
"145","2017581679","acid rain","German",1,1,"Female",3,2.5795910358429,14.5212380886078,"WA",0,"threat",4,"contrast"
"146","2017581679","acid rain","German",1,1,"Female",3,2.5795910358429,14.5212380886078,"Politiken",0," safe",2,"contrast"
"147","2017581679","bacteria","German",0,1,"Female",3,7.22156190872192,20.7457180023193,"EB",0," safe",3,"contrast"
"148","2017581679","bacteria","German",0,1,"Female",3,7.22156190872192,20.7457180023193,"Politiken",0,"threat",2,"contrast"
"149","2017581679","blue_eyes","German",NA,1,"Female",3,4.78342390060425,42.1339449882507,"EB",0," safe",3,"person"
"150","2017581679","corruption","German",0,1,"Female",3,7.18227195739746,18.4847099781036,"EB",0,"threat",3,"contrast"
"151","2017581679","corruption","German",0,1,"Female",3,7.18227195739746,18.4847099781036,"Politiken",0," safe",2,"contrast"
"152","2017581679","countryside","German",NA,1,"Female",3,2.57842016220093,18.1871218681335,"MX",0,"threat",1,"person"
"153","2017581679","hayfever","German",NA,1,"Female",3,4.5703821182251,21.5463531017303,"EB",0," safe",3,"person"
"154","2017581679","infertility","German",NA,1,"Female",3,7.63470983505249,22.2322208881378,"EB",0," safe",3,"person"
"155","2017581679","mafia","German",1,1,"Female",3,10.4601130485535,25.2567870616913,"WA",0," safe",4,"contrast"
"156","2017581679","mafia","German",1,1,"Female",3,10.4601130485535,25.2567870616913,"Politiken",0,"threat",2,"contrast"
"157","2017581679","pets","German",NA,1,"Female",3,4.06068897247314,14.0723149776459,"WA",0,"threat",4,"person"
"158","2017581679","pollution","German",1,1,"Female",3,7.42573714256287,36.5580720901489,"WA",0," safe",4,"contrast"
"159","2017581679","pollution","German",1,1,"Female",3,7.42573714256287,36.5580720901489,"EB",0,"threat",3,"contrast"
"160","2017581679","sleep","German",NA,1,"Female",3,3.29691910743713,26.9699609279633,"WA",0,"threat",4,"person"
"161","2017581679","volcano","German",0,1,"Female",3,5.89896512031555,18.5507969856262,"WA",0,"threat",4,"contrast"
"162","2017581679","volcano","German",0,1,"Female",3,5.89896512031555,18.5507969856262,"MX",0," safe",1,"contrast"
"163","21","acid rain","Danish",0,0,"Female",2,1.77762673001416,16.4376681646572,"MX",2," safe",1,"contrast"
"164","21","acid rain","Danish",0,0,"Female",2,1.77762673001416,16.4376681646572,"WA",2,"threat",4,"contrast"
"165","21","bacteria","Danish",1,0,"Female",2,1.58538877179762,21.2003462979528,"MX",2," safe",1,"contrast"
"166","21","bacteria","Danish",1,0,"Female",2,1.58538877179762,21.2003462979528,"Politiken",4,"threat",2,"contrast"
"167","21","blue_eyes","Danish",NA,0,"Female",2,7.57509066714738,30.3840612620988,"Politiken",4,"threat",2,"person"
"168","21","corruption","Danish",0,0,"Female",2,3.0067304351669,17.0267688112199,"WA",2," safe",4,"contrast"
"169","21","corruption","Danish",0,0,"Female",2,3.0067304351669,17.0267688112199,"MX",2,"threat",1,"contrast"
"170","21","countryside","Danish",NA,0,"Female",2,6.17609209842249,22.8312721215261,"MX",2," safe",1,"person"
"171","21","hayfever","Danish",NA,0,"Female",2,2.8008258190066,23.8214543590284,"Politiken",4," safe",2,"person"
"172","21","infertility","Danish",NA,0,"Female",2,12.1784660971325,27.3209901822374,"MX",2,"threat",1,"person"
"173","21","mafia","Danish",1,0,"Female",2,4.21126741047829,28.5162256602271,"Politiken",4," safe",2,"contrast"
"174","21","mafia","Danish",1,0,"Female",2,4.21126741047829,28.5162256602271,"MX",2,"threat",1,"contrast"
"175","21","pets","Danish",NA,0,"Female",2,2.97174654151058,22.0824633546663,"MX",2,"threat",1,"person"
"176","21","pollution","Danish",0,0,"Female",2,3.12043399118647,22.8012533029942,"WA",2,"threat",4,"contrast"
"177","21","pollution","Danish",0,0,"Female",2,3.12043399118647,22.8012533029942,"Politiken",4," safe",2,"contrast"
"178","21","sleep","Danish",NA,0,"Female",2,14.2055710452214,25.9278301313088,"WA",2," safe",4,"person"
"179","21","volcano","Danish",1,0,"Female",2,5.74140451839776,20.0801909667953,"WA",2," safe",4,"contrast"
"180","21","volcano","Danish",1,0,"Female",2,5.74140451839776,20.0801909667953,"MX",2,"threat",1,"contrast"
"181","22","acid rain","Dansih",0,1,"Female",2,6.70327298965003,23.204792529672,"EB",1," safe",3,"contrast"
"182","22","acid rain","Dansih",0,1,"Female",2,6.70327298965003,23.204792529672,"WA",5,"threat",4,"contrast"
"183","22","bacteria","Dansih",0,1,"Female",2,8.54560672805655,31.2375275580207,"Politiken",4,"threat",2,"contrast"
"184","22","bacteria","Dansih",0,1,"Female",2,8.54560672805655,31.2375275580207,"MX",1," safe",1,"contrast"
"185","22","blue_eyes","Dansih",NA,1,"Female",2,4.16344677453162,14.5353871670977,"Politiken",4," safe",2,"person"
"186","22","corruption","Dansih",0,1,"Female",2,6.36428264983988,38.6898157461501,"Politiken",4," safe",2,"contrast"
"187","22","corruption","Dansih",0,1,"Female",2,6.36428264983988,38.6898157461501,"WA",5,"threat",4,"contrast"
"188","22","countryside","Dansih",NA,1,"Female",2,9.21934234348919,20.9556936820809,"EB",1,"threat",3,"person"
"189","22","hayfever","Dansih",NA,1,"Female",2,5.44857683607188,19.3053716073355,"WA",5," safe",4,"person"
"190","22","infertility","Dansih",NA,1,"Female",2,9.09165479499279,40.5471242153399,"MX",1,"threat",1,"person"
"191","22","mafia","Dansih",1,1,"Female",2,4.609081009291,44.3316358892671,"Politiken",4," safe",2,"contrast"
"192","22","mafia","Dansih",1,1,"Female",2,4.609081009291,44.3316358892671,"MX",1,"threat",1,"contrast"
"193","22","pets","Dansih",NA,1,"Female",2,3.95617197025967,32.7242222172044,"MX",1,"threat",1,"person"
"194","22","pollution","Dansih",1,1,"Female",2,5.51564495005732,20.6892871658647,"MX",1,"threat",1,"contrast"
"195","22","pollution","Dansih",1,1,"Female",2,5.51564495005732,20.6892871658647,"WA",5," safe",4,"contrast"
"196","22","sleep","Dansih",NA,1,"Female",2,7.09452503725697,16.90855868986,"MX",1," safe",1,"person"
"197","22","volcano","Dansih",1,1,"Female",2,4.59428024813496,18.3412719591752,"EB",1,"threat",3,"contrast"
"198","22","volcano","Dansih",1,1,"Female",2,4.59428024813496,18.3412719591752,"Politiken",4," safe",2,"contrast"
"199","23","acid rain","Danish",0,0,"Male",1,1.4426772642737,4.24548756656077,"Politiken",4," safe",2,"contrast"
"200","23","acid rain","Danish",0,0,"Male",1,1.4426772642737,4.24548756656077,"MX",2,"threat",1,"contrast"
"201","23","bacteria","Danish",1,0,"Male",1,2.21934131711987,2.35109226240547,"Politiken",4,"threat",2,"contrast"
"202","23","bacteria","Danish",1,0,"Male",1,2.21934131711987,2.35109226240547,"Politiken",4," safe",2,"contrast"
"203","23","blue_eyes","Danish",NA,0,"Male",1,3.40749177878115,29.2029229976561,"EB",2,"threat",3,"person"
"204","23","corruption","Danish",0,0,"Male",1,1.59158962053061,7.74967925953661,"WA",4,"threat",4,"contrast"
"205","23","corruption","Danish",0,0,"Male",1,1.59158962053061,7.74967925953661,"Politiken",4," safe",2,"contrast"
"206","23","countryside","Danish",NA,0,"Male",1,1.27906781017919,19.721714796553,"MX",2," safe",1,"person"
"207","23","hayfever","Danish",NA,0,"Male",1,15.80237460844,26.5918456997169,"WA",4," safe",4,"person"
"208","23","infertility","Danish",NA,0,"Male",1,2.55701841717473,31.9048683783776,"EB",2,"threat",3,"person"
"209","23","mafia","Danish",1,0,"Male",1,3.13555210467348,8.35742034346458,"WA",4," safe",4,"contrast"
"210","23","mafia","Danish",1,0,"Male",1,3.13555210467348,8.35742034346458,"MX",2,"threat",1,"contrast"
"211","23","pets","Danish",NA,0,"Male",1,12.702178366595,28.9655150116796,"MX",2,"threat",1,"person"
"212","23","pollution","Danish",0,0,"Male",1,11.4090734141573,22.6692298533935,"WA",4," safe",4,"contrast"
"213","23","pollution","Danish",0,0,"Male",1,11.4090734141573,22.6692298533935,"WA",4,"threat",4,"contrast"
"214","23","sleep","Danish",NA,0,"Male",1,3.96673433862816,19.9363974225816,"MX",2,"threat",1,"person"
"215","23","volcano","Danish",1,0,"Male",1,2.15820818468092,6.29881310632754,"EB",2,"threat",3,"contrast"
"216","23","volcano","Danish",1,0,"Male",1,2.15820818468092,6.29881310632754,"WA",4," safe",4,"contrast"
"217","24","acid rain","Denmark",0,0,"Male",3,1.83580602848451,11.5919483366652,"Politiken",5,"threat",2,"contrast"
"218","24","acid rain","Denmark",0,0,"Male",3,1.83580602848451,11.5919483366652,"EB",2," safe",3,"contrast"
"219","24","bacteria","Denmark",0,0,"Male",3,1.18750076977813,5.93514473862342,"MX",1," safe",1,"contrast"
"220","24","bacteria","Denmark",0,0,"Male",3,1.18750076977813,5.93514473862342,"Politiken",5,"threat",2,"contrast"
"221","24","blue_eyes","Denmark",NA,0,"Male",3,2.53842624714162,4.78486782413711,"WA",2,"threat",4,"person"
"222","24","corruption","Denmark",1,0,"Male",3,1.43725290154725,8.63787580518692,"EB",2,"threat",3,"contrast"
"223","24","corruption","Denmark",1,0,"Male",3,1.43725290154725,8.63787580518692,"Politiken",5," safe",2,"contrast"
"224","24","countryside","Denmark",NA,0,"Male",3,4.99911578268802,0.552011273643075,"EB",2," safe",3,"person"
"225","24","hayfever","Denmark",NA,0,"Male",3,1.06818531716999,3.90241124983186,"Politiken",5,"threat",2,"person"
"226","24","infertility","Denmark",NA,0,"Male",3,0.897227570747418,4.12364006043208,"EB",2,"threat",3,"person"
"227","24","mafia","Denmark",0,0,"Male",3,0.918950680894341,1.95001888519801,"WA",2,"threat",4,"contrast"
"228","24","mafia","Denmark",0,0,"Male",3,0.918950680894341,1.95001888519801,"MX",1," safe",1,"contrast"
"229","24","pets","Denmark",NA,0,"Male",3,1.76824730988483,3.30272819272795,"WA",2," safe",4,"person"
"230","24","pollution","Denmark",1,0,"Male",3,0.859798954747021,5.0450884114689,"MX",1," safe",1,"contrast"
"231","24","pollution","Denmark",1,0,"Male",3,0.859798954747021,5.0450884114689,"MX",1,"threat",1,"contrast"
"232","24","sleep","Denmark",NA,0,"Male",3,1.53766827327672,2.96545445588163,"EB",2,"threat",3,"person"
"233","24","volcano","Denmark",1,0,"Male",3,0.703775910697004,4.95089899703089,"EB",2,"threat",3,"contrast"
"234","24","volcano","Denmark",1,0,"Male",3,0.703775910697004,4.95089899703089,"WA",2," safe",4,"contrast"
"235","25","acid rain","Danish",0,1,"Female",2,1.62847882057667,23.158592291029,"MX",2," safe",1,"contrast"
"236","25","acid rain","Danish",0,1,"Female",2,1.62847882057667,23.158592291029,"WA",3,"threat",4,"contrast"
"237","25","bacteria","Danish",0,1,"Female",2,1.65184877653974,1.05047487623233,"Politiken",4,"threat",2,"contrast"
"238","25","bacteria","Danish",0,1,"Female",2,1.65184877653974,1.05047487623233,"WA",3," safe",4,"contrast"
"239","25","blue_eyes","Danish",NA,1,"Female",2,13.9953110237911,25.3373353251773,"Politiken",4,"threat",2,"person"
"240","25","corruption","Danish",1,1,"Female",2,5.0070080616315,36.9282679526414,"MX",2," safe",1,"contrast"
"241","25","corruption","Danish",1,1,"Female",2,5.0070080616315,36.9282679526414,"Politiken",4,"threat",2,"contrast"
"242","25","countryside","Danish",NA,1,"Female",2,1.34573668553003,31.1302115915278,"EB",1," safe",3,"person"
"243","25","hayfever","Danish",NA,1,"Female",2,2.29073448653071,19.0940063522103,"Politiken",4," safe",2,"person"
"244","25","infertility","Danish",NA,1,"Female",2,1.50028507456318,40.9181982261225,"MX",2,"threat",1,"person"
"245","25","mafia","Danish",1,1,"Female",2,9.08675863293593,43.7240000964784,"WA",3,"threat",4,"contrast"
"246","25","mafia","Danish",1,1,"Female",2,9.08675863293593,43.7240000964784,"MX",2," safe",1,"contrast"
"247","25","pets","Danish",NA,1,"Female",2,1.07859179837033,21.5732400430461,"MX",2,"threat",1,"person"
"248","25","pollution","Danish",1,1,"Female",2,1.40169443599098,9.9412074126576,"EB",1," safe",3,"contrast"
"249","25","pollution","Danish",1,1,"Female",2,1.40169443599098,9.9412074126576,"MX",2,"threat",1,"contrast"
"250","25","sleep","Danish",NA,1,"Female",2,1.64200125935713,38.8916701263925,"WA",3," safe",4,"person"
"251","25","volcano","Danish",0,1,"Female",2,2.23623777527882,28.4559597005673,"WA",3," safe",4,"contrast"
"252","25","volcano","Danish",0,1,"Female",2,2.23623777527882,28.4559597005673,"MX",2,"threat",1,"contrast"
"253","26","acid rain","Danish",0,0,"Male",2,1.53316415290465,28.0081663339515,"Politiken",4," safe",2,"contrast"
"254","26","acid rain","Danish",0,0,"Male",2,1.53316415290465,28.0081663339515,"EB",2,"threat",3,"contrast"
"255","26","bacteria","Danish",0,0,"Male",2,1.01606375826668,31.4443664971477,"WA",5,"threat",4,"contrast"
"256","26","bacteria","Danish",0,0,"Male",2,1.01606375826668,31.4443664971477,"EB",2," safe",3,"contrast"
"257","26","blue_eyes","Danish",NA,0,"Male",2,1.59974494639755,17.1492622946607,"WA",5,"threat",4,"person"
"258","26","corruption","Danish",0,0,"Male",2,1.03254063153145,26.4903597949306,"Politiken",4,"threat",2,"contrast"
"259","26","corruption","Danish",0,0,"Male",2,1.03254063153145,26.4903597949306,"WA",5," safe",4,"contrast"
"260","26","countryside","Danish",NA,0,"Male",2,36.6217067550751,36.9280892533643,"EB",2,"threat",3,"person"
"261","26","hayfever","Danish",NA,0,"Male",2,3.08226735980861,37.4514874705565,"Politiken",4," safe",2,"person"
"262","26","infertility","Danish",NA,0,"Male",2,13.7085912522234,27.6423650704892,"Politiken",4,"threat",2,"person"
"263","26","mafia","Danish",1,0,"Male",2,1.15893329091341,16.9393490744696,"MX",1," safe",1,"contrast"
"264","26","mafia","Danish",1,0,"Male",2,1.15893329091341,16.9393490744696,"EB",2,"threat",3,"contrast"
"265","26","pets","Danish",NA,0,"Male",2,4.54245487809385,16.5417261535113,"MX",1,"threat",1,"person"
"266","26","pollution","Danish",1,0,"Male",2,2.61038791754254,19.1746578330203,"Politiken",4,"threat",2,"contrast"
"267","26","pollution","Danish",1,0,"Male",2,2.61038791754254,19.1746578330203,"Politiken",4," safe",2,"contrast"
"268","26","sleep","Danish",NA,0,"Male",2,3.3947372742623,24.9455570894133,"WA",5," safe",4,"person"
"269","26","volcano","Danish",1,0,"Male",2,1.4453348797324,14.8349741610655,"WA",5,"threat",4,"contrast"
"270","26","volcano","Danish",1,0,"Male",2,1.4453348797324,14.8349741610655,"EB",2," safe",3,"contrast"
"271","27","acid rain","Danish",0,0,"Female",1,1.58497834871378,21.1674036007134,"MX",1," safe",1,"contrast"
"272","27","acid rain","Danish",0,0,"Female",1,1.58497834871378,21.1674036007134,"EB",1,"threat",3,"contrast"
"273","27","bacteria","Danish",0,0,"Female",1,2.20266302099844,23.0350084726888,"MX",1,"threat",1,"contrast"
"274","27","bacteria","Danish",0,0,"Female",1,2.20266302099844,23.0350084726888,"Politiken",4," safe",2,"contrast"
"275","27","blue_eyes","Danish",NA,0,"Female",1,16.3287675239935,39.9512797301059,"WA",5,"threat",4,"person"
"276","27","corruption","Danish",1,0,"Female",1,1.03813890282981,18.8449846916828,"WA",5,"threat",4,"contrast"
"277","27","corruption","Danish",1,0,"Female",1,1.03813890282981,18.8449846916828,"WA",5," safe",4,"contrast"
"278","27","countryside","Danish",NA,0,"Female",1,2.79957805907179,24.8233595776283,"MX",1," safe",1,"person"
"279","27","hayfever","Danish",NA,0,"Female",1,31.5570528591088,39.720037934655,"Politiken",4," safe",2,"person"
"280","27","infertility","Danish",NA,0,"Female",1,5.05375615693993,30.1922556237414,"EB",1," safe",3,"person"
"281","27","mafia","Danish",1,0,"Female",1,2.05931959844293,31.3852471551581,"Politiken",4,"threat",2,"contrast"
"282","27","mafia","Danish",1,0,"Female",1,2.05931959844293,31.3852471551581,"WA",5," safe",4,"contrast"
"283","27","pets","Danish",NA,0,"Female",1,5.37050282919063,27.3068673426342,"MX",1,"threat",1,"person"
"284","27","pollution","Danish",1,0,"Female",1,1.69506582627491,26.3448492107718,"Politiken",4," safe",2,"contrast"
"285","27","pollution","Danish",1,0,"Female",1,1.69506582627491,26.3448492107718,"EB",1,"threat",3,"contrast"
"286","27","sleep","Danish",NA,0,"Female",1,7.36068302906551,38.0934258914285,"EB",1,"threat",3,"person"
"287","27","volcano","Danish",0,0,"Female",1,1.71149493947996,20.8238917507524,"MX",1,"threat",1,"contrast"
"288","27","volcano","Danish",0,0,"Female",1,1.71149493947996,20.8238917507524,"EB",1," safe",3,"contrast"
"289","28","acid rain","DK",1,1,"Female",1,6.87934045463044,23.4792331989638,"MX",3," safe",1,"contrast"
"290","28","acid rain","DK",1,1,"Female",1,6.87934045463044,23.4792331989638,"WA",3,"threat",4,"contrast"
"291","28","bacteria","DK",0,1,"Female",1,5.49695142447308,30.6331625282573,"Politiken",4,"threat",2,"contrast"
"292","28","bacteria","DK",0,1,"Female",1,5.49695142447308,30.6331625282573,"MX",3," safe",1,"contrast"
"293","28","blue_eyes","DK",NA,1,"Female",1,0.963336010447165,16.4347662313994,"MX",3," safe",1,"person"
"294","28","corruption","DK",0,1,"Female",1,1.31793966483929,19.8159513295341,"Politiken",4," safe",2,"contrast"
"295","28","corruption","DK",0,1,"Female",1,1.31793966483929,19.8159513295341,"WA",3,"threat",4,"contrast"
"296","28","countryside","DK",NA,1,"Female",1,5.46142567926472,34.5214467711685,"MX",3,"threat",1,"person"
"297","28","hayfever","DK",NA,1,"Female",1,5.65434885803552,29.42459747051,"MX",3," safe",1,"person"
"298","28","infertility","DK",NA,1,"Female",1,1.57524703443232,30.0343972513801,"WA",3,"threat",4,"person"
"299","28","mafia","DK",0,1,"Female",1,2.44831534192235,14.6158261123928,"MX",3," safe",1,"contrast"
"300","28","mafia","DK",0,1,"Female",1,2.44831534192235,14.6158261123928,"EB",1,"threat",3,"contrast"
"301","28","pets","DK",NA,1,"Female",1,4.00614025859431,25.4074345111776,"WA",3,"threat",4,"person"
"302","28","pollution","DK",1,1,"Female",1,4.0128234669246,24.5780854606992,"MX",3," safe",1,"contrast"
"303","28","pollution","DK",1,1,"Female",1,4.0128234669246,24.5780854606992,"Politiken",4,"threat",2,"contrast"
"304","28","sleep","DK",NA,1,"Female",1,1.07746732935993,33.1005719446894,"EB",1,"threat",3,"person"
"305","28","volcano","DK",1,1,"Female",1,5.15460314120537,32.6432676542054,"MX",3,"threat",1,"contrast"
"306","28","volcano","DK",1,1,"Female",1,5.15460314120537,32.6432676542054,"Politiken",4," safe",2,"contrast"
"307","29","acid rain","Danish",0,0,"Female",1,8.25522486483987,32.8622421566088,"WA",0," safe",4,"contrast"
"308","29","acid rain","Danish",0,0,"Female",1,8.25522486483987,32.8622421566088,"EB",0,"threat",3,"contrast"
"309","29","bacteria","Danish",0,0,"Female",1,4.79478193486102,31.218536755593,"WA",0,"threat",4,"contrast"
"310","29","bacteria","Danish",0,0,"Female",1,4.79478193486102,31.218536755593,"MX",2," safe",1,"contrast"
"311","29","blue_eyes","Danish",NA,0,"Female",1,5.7794412954845,32.0852051328766,"Politiken",2,"threat",2,"person"
"312","29","corruption","Danish",1,0,"Female",1,2.54761407461228,20.3215278543994,"MX",2,"threat",1,"contrast"
"313","29","corruption","Danish",1,0,"Female",1,2.54761407461228,20.3215278543994,"EB",0," safe",3,"contrast"
"314","29","countryside","Danish",NA,0,"Female",1,5.38459213338683,37.4843809577569,"WA",0,"threat",4,"person"
"315","29","hayfever","Danish",NA,0,"Female",1,10.1624153565481,39.3788501063573,"MX",2," safe",1,"person"
"316","29","infertility","Danish",NA,0,"Female",1,17.314733284923,50.7039528075074,"EB",0,"threat",3,"person"
"317","29","mafia","Danish",0,0,"Female",1,2.12027414342992,21.5991958390969,"EB",0," safe",3,"contrast"
"318","29","mafia","Danish",0,0,"Female",1,2.12027414342992,21.5991958390969,"WA",0,"threat",4,"contrast"
"319","29","pets","Danish",NA,0,"Female",1,7.39950118417437,30.1815196947573,"MX",2,"threat",1,"person"
"320","29","pollution","Danish",1,0,"Female",1,2.19768091695914,24.6079908037245,"WA",0," safe",4,"contrast"
"321","29","pollution","Danish",1,0,"Female",1,2.19768091695914,24.6079908037245,"Politiken",2,"threat",2,"contrast"
"322","29","sleep","Danish",NA,0,"Female",1,6.14110586236893,38.6793697061767,"Politiken",2," safe",2,"person"
"323","29","volcano","Danish",1,0,"Female",1,6.1376167175149,23.303652594278,"Politiken",2," safe",2,"contrast"
"324","29","volcano","Danish",1,0,"Female",1,6.1376167175149,23.303652594278,"EB",0,"threat",3,"contrast"
"325","3","acid rain","Danish",1,0,"Female",2,3.42460905586267,18.7937823562988,"MX",2,"threat",1,"contrast"
"326","3","acid rain","Danish",1,0,"Female",2,3.42460905586267,18.7937823562988,"WA",4," safe",4,"contrast"
"327","3","bacteria","Danish",0,0,"Female",2,4.15102257191757,25.0231461714357,"EB",3,"threat",3,"contrast"
"328","3","bacteria","Danish",0,0,"Female",2,4.15102257191757,25.0231461714357,"Politiken",4," safe",2,"contrast"
"329","3","blue_eyes","Danish",NA,0,"Female",2,4.83325447394418,26.7925963863581,"Politiken",4,"threat",2,"person"
"330","3","corruption","Danish",0,0,"Female",2,5.64903038874763,13.033102981808,"EB",3,"threat",3,"contrast"
"331","3","corruption","Danish",0,0,"Female",2,5.64903038874763,13.033102981808,"Politiken",4," safe",2,"contrast"
"332","3","countryside","Danish",NA,0,"Female",2,2.65334832516965,30.1907476896422,"MX",2,"threat",1,"person"
"333","3","hayfever","Danish",NA,0,"Female",2,10.5112059020357,40.6981303653465,"WA",4,"threat",4,"person"
"334","3","infertility","Danish",NA,0,"Female",2,18.5464873530746,70.2559236914822,"WA",4," safe",4,"person"
"335","3","mafia","Danish",0,0,"Female",2,9.72528656236136,21.0836224274062,"EB",3," safe",3,"contrast"
"336","3","mafia","Danish",0,0,"Female",2,9.72528656236136,21.0836224274062,"MX",2,"threat",1,"contrast"
"337","3","pets","Danish",NA,0,"Female",2,6.70181195268833,30.0454635495144,"EB",3,"threat",3,"person"
"338","3","pollution","Danish",1,0,"Female",2,2.54295458930756,23.9622829741729,"WA",4,"threat",4,"contrast"
"339","3","pollution","Danish",1,0,"Female",2,2.54295458930756,23.9622829741729,"EB",3," safe",3,"contrast"
"340","3","sleep","Danish",NA,0,"Female",2,7.51015849197574,45.8505883149883,"MX",2," safe",1,"person"
"341","3","volcano","Danish",1,0,"Female",2,4.41571299835414,29.1120133469085,"MX",2," safe",1,"contrast"
"342","3","volcano","Danish",1,0,"Female",2,4.41571299835414,29.1120133469085,"EB",3,"threat",3,"contrast"
"343","32","acid rain","Danish",1,0,"Female",1,3.06861485279842,21.8187549522336,"EB",2,"threat",3,"contrast"
"344","32","acid rain","Danish",1,0,"Female",1,3.06861485279842,21.8187549522336,"WA",3," safe",4,"contrast"
"345","32","bacteria","Danish",1,0,"Female",1,1.87038339005812,5.936119789636,"MX",1," safe",1,"contrast"
"346","32","bacteria","Danish",1,0,"Female",1,1.87038339005812,5.936119789636,"EB",2,"threat",3,"contrast"
"347","32","blue_eyes","Danish",NA,0,"Female",1,3.87283641312752,19.8302780024387,"EB",2,"threat",3,"person"
"348","32","corruption","Danish",1,0,"Female",1,2.04577043398967,17.6536839479904,"Politiken",4," safe",2,"contrast"
"349","32","corruption","Danish",1,0,"Female",1,2.04577043398967,17.6536839479904,"Politiken",4,"threat",2,"contrast"
"350","32","countryside","Danish",NA,0,"Female",1,5.40966255024068,22.4466221153889,"WA",3," safe",4,"person"
"351","32","hayfever","Danish",NA,0,"Female",1,19.9896798548307,23.1294426403147,"WA",3," safe",4,"person"
"352","32","infertility","Danish",NA,0,"Female",1,4.72464867372582,22.4981956424454,"MX",1," safe",1,"person"
"353","32","mafia","Danish",0,0,"Female",1,3.4617677366914,15.5038678734036,"WA",3,"threat",4,"contrast"
"354","32","mafia","Danish",0,0,"Female",1,3.4617677366914,15.5038678734036,"MX",1," safe",1,"contrast"
"355","32","pets","Danish",NA,0,"Female",1,3.00931738218424,20.4432356092748,"WA",3,"threat",4,"person"
"356","32","pollution","Danish",0,0,"Female",1,5.55540188523628,23.3187097919745,"Politiken",4," safe",2,"contrast"
"357","32","pollution","Danish",0,0,"Female",1,5.55540188523628,23.3187097919745,"EB",2,"threat",3,"contrast"
"358","32","sleep","Danish",NA,0,"Female",1,27.5744872258056,29.3519267007978,"EB",2," safe",3,"person"
"359","32","volcano","Danish",0,0,"Female",1,7.15808809944974,20.765069156776,"Politiken",4," safe",2,"contrast"
"360","32","volcano","Danish",0,0,"Female",1,7.15808809944974,20.765069156776,"EB",2,"threat",3,"contrast"
"361","33","acid rain","Danish",0,1,"Female",2,1.48592433999147,24.1353676360395,"WA",2," safe",4,"contrast"
"362","33","acid rain","Danish",0,1,"Female",2,1.48592433999147,24.1353676360395,"MX",1,"threat",1,"contrast"
"363","33","bacteria","Danish",1,1,"Female",2,3.67396741885932,14.8081732022601,"Politiken",3,"threat",2,"contrast"
"364","33","bacteria","Danish",1,1,"Female",2,3.67396741885932,14.8081732022601,"WA",2," safe",4,"contrast"
"365","33","blue_eyes","Danish",NA,1,"Female",2,5.80083772449325,20.7378934338903,"MX",1,"threat",1,"person"
"366","33","corruption","Danish",1,1,"Female",2,2.25541872881877,20.3968044946869,"Politiken",3," safe",2,"contrast"
"367","33","corruption","Danish",1,1,"Female",2,2.25541872881877,20.3968044946869,"EB",1,"threat",3,"contrast"
"368","33","countryside","Danish",NA,1,"Female",2,1.48717600014788,21.5807328498449,"MX",1," safe",1,"person"
"369","33","hayfever","Danish",NA,1,"Female",2,2.37854944955689,21.7081722785242,"WA",2," safe",4,"person"
"370","33","infertility","Danish",NA,1,"Female",2,4.8380508792925,27.138567862663,"EB",1," safe",3,"person"
"371","33","mafia","Danish",0,1,"Female",2,2.12043546893983,26.8035889135444,"MX",1," safe",1,"contrast"
"372","33","mafia","Danish",0,1,"Female",2,2.12043546893983,26.8035889135444,"EB",1,"threat",3,"contrast"
"373","33","pets","Danish",NA,1,"Female",2,2.86136644955332,26.3127564646002,"EB",1,"threat",3,"person"
"374","33","pollution","Danish",0,1,"Female",2,1.89967474284094,27.5414977430082,"Politiken",3,"threat",2,"contrast"
"375","33","pollution","Danish",0,1,"Female",2,1.89967474284094,27.5414977430082,"WA",2," safe",4,"contrast"
"376","33","sleep","Danish",NA,1,"Female",2,3.17175302215037,20.4312059045114,"EB",1,"threat",3,"person"
"377","33","volcano","Danish",1,1,"Female",2,6.44346539998696,29.5697758199167,"Politiken",3,"threat",2,"contrast"
"378","33","volcano","Danish",1,1,"Female",2,6.44346539998696,29.5697758199167,"Politiken",3," safe",2,"contrast"
"379","34","acid rain","Danish",1,1,"Female",1,1.90907588675691,14.8214843986552,"EB",2," safe",3,"contrast"
"380","34","acid rain","Danish",1,1,"Female",1,1.90907588675691,14.8214843986552,"MX",2,"threat",1,"contrast"
"381","34","bacteria","Danish",0,1,"Female",1,1.78548393884194,16.7300532583686,"WA",2," safe",4,"contrast"
"382","34","bacteria","Danish",0,1,"Female",1,1.78548393884194,16.7300532583686,"MX",2,"threat",1,"contrast"
"383","34","blue_eyes","Danish",NA,1,"Female",1,2.21425382348752,16.0674725728131,"MX",2,"threat",1,"person"
"384","34","corruption","Danish",1,1,"Female",1,2.03380607960389,21.1689051808116,"MX",2,"threat",1,"contrast"
"385","34","corruption","Danish",1,1,"Female",1,2.03380607960389,21.1689051808116,"Politiken",4," safe",2,"contrast"
"386","34","countryside","Danish",NA,1,"Female",1,3.33237624280628,23.1217814302872,"WA",2," safe",4,"person"
"387","34","hayfever","Danish",NA,1,"Female",1,1.71028074313472,16.9718569198412,"Politiken",4," safe",2,"person"
"388","34","infertility","Danish",NA,1,"Female",1,2.91610857768683,23.3057080571125,"EB",2," safe",3,"person"
"389","34","mafia","Danish",0,1,"Female",1,3.64485167406201,22.793865280657,"MX",2,"threat",1,"contrast"
"390","34","mafia","Danish",0,1,"Female",1,3.64485167406201,22.793865280657,"WA",2," safe",4,"contrast"
"391","34","pets","Danish",NA,1,"Female",1,4.55757117623034,27.468866076093,"WA",2,"threat",4,"person"
"392","34","pollution","Danish",0,1,"Female",1,2.3722148152483,47.8028532074586,"Politiken",4,"threat",2,"contrast"
"393","34","pollution","Danish",0,1,"Female",1,2.3722148152483,47.8028532074586,"WA",2," safe",4,"contrast"
"394","34","sleep","Danish",NA,1,"Female",1,2.21914601865683,20.2495927874897,"MX",2,"threat",1,"person"
"395","34","volcano","Danish",1,1,"Female",1,1.54201447798368,20.2594002711685,"Politiken",4," safe",2,"contrast"
"396","34","volcano","Danish",1,1,"Female",1,1.54201447798368,20.2594002711685,"Politiken",4,"threat",2,"contrast"
"397","35","acid rain","Danish",1,1,"Female",1,3.45550674583319,32.3911131524528,"MX",3,"threat",1,"contrast"
"398","35","acid rain","Danish",1,1,"Female",1,3.45550674583319,32.3911131524528,"WA",4," safe",4,"contrast"
"399","35","bacteria","Danish",0,1,"Female",1,12.2987149814489,34.6738978040758,"Politiken",5," safe",2,"contrast"
"400","35","bacteria","Danish",0,1,"Female",1,12.2987149814489,34.6738978040758,"MX",3,"threat",1,"contrast"
"401","35","blue_eyes","Danish",NA,1,"Female",1,8.20230318021459,35.497632158309,"EB",2,"threat",3,"person"
"402","35","corruption","Danish",1,1,"Female",1,8.51353631563143,32.5206885934076,"Politiken",5,"threat",2,"contrast"
"403","35","corruption","Danish",1,1,"Female",1,8.51353631563143,32.5206885934076,"Politiken",5," safe",2,"contrast"
"404","35","countryside","Danish",NA,1,"Female",1,3.45221619513541,48.5576359558854,"MX",3,"threat",1,"person"
"405","35","hayfever","Danish",NA,1,"Female",1,5.32990849887756,29.4156655256829,"WA",4," safe",4,"person"
"406","35","infertility","Danish",NA,1,"Female",1,3.32025649052412,33.3102180528695,"MX",3," safe",1,"person"
"407","35","mafia","Danish",0,1,"Female",1,2.8397550048503,34.5581234828933,"WA",4,"threat",4,"contrast"
"408","35","mafia","Danish",0,1,"Female",1,2.8397550048503,34.5581234828933,"MX",3," safe",1,"contrast"
"409","35","pets","Danish",NA,1,"Female",1,2.97781957395273,30.2997967782176,"MX",3,"threat",1,"person"
"410","35","pollution","Danish",0,1,"Female",1,5.9705661984699,27.1735652593379,"WA",4," safe",4,"contrast"
"411","35","pollution","Danish",0,1,"Female",1,5.9705661984699,27.1735652593379,"MX",3,"threat",1,"contrast"
"412","35","sleep","Danish",NA,1,"Female",1,3.12801227541786,23.4941373594502,"MX",3,"threat",1,"person"
"413","35","volcano","Danish",1,1,"Female",1,6.05916525112843,35.1251979616245,"WA",4," safe",4,"contrast"
"414","35","volcano","Danish",1,1,"Female",1,6.05916525112843,35.1251979616245,"MX",3,"threat",1,"contrast"
"415","37","acid rain","Danish",0,1,"Female",1,5.47845744244114,15.7726505279661,"EB",1,"threat",3,"contrast"
"416","37","acid rain","Danish",0,1,"Female",1,5.47845744244114,15.7726505279661,"WA",4," safe",4,"contrast"
"417","37","bacteria","Danish",0,1,"Female",1,17.6138530684475,29.4421243266988,"WA",4,"threat",4,"contrast"
"418","37","bacteria","Danish",0,1,"Female",1,17.6138530684475,29.4421243266988,"Politiken",4," safe",2,"contrast"
"419","37","blue_eyes","Danish",NA,1,"Female",1,2.7328534009921,42.1879962516832,"MX",1," safe",1,"person"
"420","37","corruption","Danish",0,1,"Female",1,5.29289626235914,37.8265392526355,"Politiken",4," safe",2,"contrast"
"421","37","corruption","Danish",0,1,"Female",1,5.29289626235914,37.8265392526355,"Politiken",4,"threat",2,"contrast"
"422","37","countryside","Danish",NA,1,"Female",1,3.05210283443193,49.558445310704,"EB",1,"threat",3,"person"
"423","37","hayfever","Danish",NA,1,"Female",1,1.99389615561449,31.5981428794312,"EB",1," safe",3,"person"
"424","37","infertility","Danish",NA,1,"Female",1,4.44968202942982,54.5661379815756,"MX",1,"threat",1,"person"
"425","37","mafia","Danish",1,1,"Female",1,2.61853949075521,32.059825270142,"EB",1,"threat",3,"contrast"
"426","37","mafia","Danish",1,1,"Female",1,2.61853949075521,32.059825270142,"MX",1," safe",1,"contrast"
"427","37","pets","Danish",NA,1,"Female",1,4.67599794314629,37.2592476270238,"EB",1,"threat",3,"person"
"428","37","pollution","Danish",1,1,"Female",1,1.79927671445512,14.1806161116037,"WA",4," safe",4,"contrast"
"429","37","pollution","Danish",1,1,"Female",1,1.79927671445512,14.1806161116037,"Politiken",4,"threat",2,"contrast"
"430","37","sleep","Danish",NA,1,"Female",1,3.34981946086737,30.6280652650494,"WA",4," safe",4,"person"
"431","37","volcano","Danish",1,1,"Female",1,1.82266417873689,24.9830463592461,"WA",4,"threat",4,"contrast"
"432","37","volcano","Danish",1,1,"Female",1,1.82266417873689,24.9830463592461,"MX",1," safe",1,"contrast"
"433","38","acid rain","Danish",0,1,"Male",2,21.9112434446906,33.2347025650579,"MX",1,"threat",1,"contrast"
"434","38","acid rain","Danish",0,1,"Male",2,21.9112434446906,33.2347025650579,"Politiken",4," safe",2,"contrast"
"435","38","bacteria","Danish",1,1,"Male",2,2.42553388028682,28.5668201606168,"Politiken",4," safe",2,"contrast"
"436","38","bacteria","Danish",1,1,"Male",2,2.42553388028682,28.5668201606168,"EB",2,"threat",3,"contrast"
"437","38","blue_eyes","Danish",NA,1,"Male",2,4.88452492570286,31.0952930061467,"Politiken",4,"threat",2,"person"
"438","38","corruption","Danish",0,1,"Male",2,2.52208367909225,24.6339541345096,"EB",2,"threat",3,"contrast"
"439","38","corruption","Danish",0,1,"Male",2,2.52208367909225,24.6339541345096,"WA",0," safe",4,"contrast"
"440","38","countryside","Danish",NA,1,"Male",2,1.65165905355207,32.393247805745,"MX",1,"threat",1,"person"
"441","38","hayfever","Danish",NA,1,"Male",2,4.57012918432702,39.533114613434,"WA",0," safe",4,"person"
"442","38","infertility","Danish",NA,1,"Male",2,4.43271437962721,45.9258512858651,"WA",0,"threat",4,"person"
"443","38","mafia","Danish",0,1,"Male",2,1.88680706410923,29.5228041923201,"EB",2,"threat",3,"contrast"
"444","38","mafia","Danish",0,1,"Male",2,1.88680706410923,29.5228041923201,"WA",0," safe",4,"contrast"
"445","38","pets","Danish",NA,1,"Male",2,1.9388266821843,39.7269054726676,"MX",1,"threat",1,"person"
"446","38","pollution","Danish",1,1,"Male",2,4.69522495767342,28.9161556616473,"EB",2," safe",3,"contrast"
"447","38","pollution","Danish",1,1,"Male",2,4.69522495767342,28.9161556616473,"WA",0,"threat",4,"contrast"
"448","38","sleep","Danish",NA,1,"Male",2,2.88676806196963,36.579515870535,"EB",2," safe",3,"person"
"449","38","volcano","Danish",1,1,"Male",2,2.2889175930959,23.554268655982,"MX",1," safe",1,"contrast"
"450","38","volcano","Danish",1,1,"Male",2,2.2889175930959,23.554268655982,"WA",0,"threat",4,"contrast"
"451","39","acid rain","slovak",0,0,"Female",5,6.04147933217973,6.85255123013485,"MX",0," safe",1,"contrast"
"452","39","acid rain","slovak",0,0,"Female",5,6.04147933217973,6.85255123013485,"MX",0,"threat",1,"contrast"
"453","39","bacteria","slovak",0,0,"Female",5,3.46851574636094,15.8308044353689,"Politiken",0,"threat",2,"contrast"
"454","39","bacteria","slovak",0,0,"Female",5,3.46851574636094,15.8308044353689,"Politiken",0," safe",2,"contrast"
"455","39","blue_eyes","slovak",NA,0,"Female",5,10.8400305038103,38.1173842469161,"WA",0," safe",4,"person"
"456","39","corruption","slovak",1,0,"Female",5,1.90329152744198,17.2293538621652,"Politiken",0,"threat",2,"contrast"
"457","39","corruption","slovak",1,0,"Female",5,1.90329152744198,17.2293538621652,"Politiken",0," safe",2,"contrast"
"458","39","countryside","slovak",NA,0,"Female",5,32.9582789569376,36.5840632984873,"MX",0," safe",1,"person"
"459","39","hayfever","slovak",NA,0,"Female",5,5.74330047741751,35.0240592135215,"MX",0,"threat",1,"person"
"460","39","infertility","slovak",NA,0,"Female",5,5.81056692235325,40.9616916477335,"Politiken",0,"threat",2,"person"
"461","39","mafia","slovak",1,0,"Female",5,1.91048383744601,12.1680085640583,"Politiken",0,"threat",2,"contrast"
"462","39","mafia","slovak",1,0,"Female",5,1.91048383744601,12.1680085640583,"Politiken",0," safe",2,"contrast"
"463","39","pets","slovak",NA,0,"Female",5,8.62668241807478,27.9539055808527,"WA",0,"threat",4,"person"
"464","39","pollution","slovak",1,0,"Female",5,6.00246278242594,17.316315381895,"MX",0,"threat",1,"contrast"
"465","39","pollution","slovak",1,0,"Female",5,6.00246278242594,17.316315381895,"WA",0," safe",4,"contrast"
"466","39","sleep","slovak",NA,0,"Female",5,7.08638264526235,23.0887181574126,"EB",0,"threat",3,"person"
"467","39","volcano","slovak",0,0,"Female",5,2.54729296641744,14.6170288652065,"EB",0,"threat",3,"contrast"
"468","39","volcano","slovak",0,0,"Female",5,2.54729296641744,14.6170288652065,"WA",0," safe",4,"contrast"
"469","4","acid rain","Danish",1,0,"Female",1,2.45760777414944,17.6257761935158,"WA",5," safe",4,"contrast"
"470","4","acid rain","Danish",1,0,"Female",1,2.45760777414944,17.6257761935158,"MX",3,"threat",1,"contrast"
"471","4","bacteria","Danish",1,0,"Female",1,3.77722142735365,19.642410084718,"MX",3," safe",1,"contrast"
"472","4","bacteria","Danish",1,0,"Female",1,3.77722142735365,19.642410084718,"WA",5,"threat",4,"contrast"
"473","4","blue_eyes","Danish",NA,0,"Female",1,23.7992463353403,49.1680780986671,"EB",1,"threat",3,"person"
"474","4","corruption","Danish",1,0,"Female",1,3.54119445020388,17.9100877958263,"Politiken",5," safe",2,"contrast"
"475","4","corruption","Danish",1,0,"Female",1,3.54119445020388,17.9100877958263,"Politiken",5,"threat",2,"contrast"
"476","4","countryside","Danish",NA,0,"Female",1,15.2209080104194,20.3253367012012,"MX",3,"threat",1,"person"
"477","4","hayfever","Danish",NA,0,"Female",1,3.93704698523925,22.1178202741239,"WA",5,"threat",4,"person"
"478","4","infertility","Danish",NA,0,"Female",1,8.43920031283869,33.5790439553894,"EB",1," safe",3,"person"
"479","4","mafia","Danish",0,0,"Female",1,3.06321781863153,18.5215727912991,"WA",5," safe",4,"contrast"
"480","4","mafia","Danish",0,0,"Female",1,3.06321781863153,18.5215727912991,"Politiken",5,"threat",2,"contrast"
"481","4","pets","Danish",NA,0,"Female",1,5.59413828920333,22.712811478119,"EB",1,"threat",3,"person"
"482","4","pollution","Danish",0,0,"Female",1,2.25624906343546,14.5077439736597,"Politiken",5,"threat",2,"contrast"
"483","4","pollution","Danish",0,0,"Female",1,2.25624906343546,14.5077439736597,"WA",5," safe",4,"contrast"
"484","4","sleep","Danish",NA,0,"Female",1,10.4826933222212,24.8967193058443,"MX",3,"threat",1,"person"
"485","4","volcano","Danish",0,0,"Female",1,6.00222927909726,16.549877040683,"EB",1,"threat",3,"contrast"
"486","4","volcano","Danish",0,0,"Female",1,6.00222927909726,16.549877040683,"MX",3," safe",1,"contrast"
"487","41","acid rain","Danish",1,0,"Female",1,2.65631520660281,7.98585764035488,"Politiken",4," safe",2,"contrast"
"488","41","acid rain","Danish",1,0,"Female",1,2.65631520660281,7.98585764035488,"MX",2,"threat",1,"contrast"
"489","41","bacteria","Danish",0,0,"Female",1,4.96586137634222,24.341907119624,"EB",2," safe",3,"contrast"
"490","41","bacteria","Danish",0,0,"Female",1,4.96586137634222,24.341907119624,"MX",2,"threat",1,"contrast"
"491","41","blue_eyes","Danish",NA,0,"Female",1,4.21475931097848,24.2421823922014,"MX",2,"threat",1,"person"
"492","41","corruption","Danish",0,0,"Female",1,4.04199702968253,32.1381238151826,"Politiken",4,"threat",2,"contrast"
"493","41","corruption","Danish",0,0,"Female",1,4.04199702968253,32.1381238151826,"WA",5," safe",4,"contrast"
"494","41","countryside","Danish",NA,0,"Female",1,18.7989822509753,46.4880340590789,"WA",5,"threat",4,"person"
"495","41","hayfever","Danish",NA,0,"Female",1,4.12580326324314,43.6140143712419,"Politiken",4," safe",2,"person"
"496","41","infertility","Danish",NA,0,"Female",1,5.5747613431904,50.505250398488,"EB",2," safe",3,"person"
"497","41","mafia","Danish",1,0,"Female",1,2.84878893408495,8.26051337001627,"MX",2,"threat",1,"contrast"
"498","41","mafia","Danish",1,0,"Female",1,2.84878893408495,8.26051337001627,"Politiken",4," safe",2,"contrast"
"499","41","pets","Danish",NA,0,"Female",1,3.45296297778805,10.2249578418305,"MX",2," safe",1,"person"
"500","41","pollution","Danish",0,0,"Female",1,4.79046029639539,19.4630357782498,"EB",2,"threat",3,"contrast"
"501","41","pollution","Danish",0,0,"Female",1,4.79046029639539,19.4630357782498,"WA",5," safe",4,"contrast"
"502","41","sleep","Danish",NA,0,"Female",1,8.05796273659143,30.1069693638656,"WA",5," safe",4,"person"
"503","41","volcano","Danish",1,0,"Female",1,4.52672874155724,8.01707213434747,"EB",2,"threat",3,"contrast"
"504","41","volcano","Danish",1,0,"Female",1,4.52672874155724,8.01707213434747,"WA",5," safe",4,"contrast"
"505","42","acid rain","Danish",0,1,"Male",4,1.87862636514001,13.8179292839868,"Politiken",3,"threat",2,"contrast"
"506","42","acid rain","Danish",0,1,"Male",4,1.87862636514001,13.8179292839868,"MX",1," safe",1,"contrast"
"507","42","bacteria","Danish",1,1,"Male",4,0.926287494015924,5.06204624730162,"WA",3," safe",4,"contrast"
"508","42","bacteria","Danish",1,1,"Male",4,0.926287494015924,5.06204624730162,"Politiken",3,"threat",2,"contrast"
"509","42","blue_eyes","Danish",NA,1,"Male",4,0.847028473101091,4.45739554995998,"Politiken",3,"threat",2,"person"
"510","42","corruption","Danish",0,1,"Male",4,5.38384777669853,9.44531874242784,"EB",2,"threat",3,"contrast"
"511","42","corruption","Danish",0,1,"Male",4,5.38384777669853,9.44531874242784,"MX",1," safe",1,"contrast"
"512","42","countryside","Danish",NA,1,"Male",4,1.25668129760015,11.2036804677809,"MX",1,"threat",1,"person"
"513","42","hayfever","Danish",NA,1,"Male",4,0.909656160209124,13.5689627124138,"EB",2,"threat",3,"person"
"514","42","infertility","Danish",NA,1,"Male",4,2.23054935028085,22.4233076791625,"MX",1," safe",1,"person"
"515","42","mafia","Danish",0,1,"Male",4,1.0744514939106,9.21761449565929,"MX",1,"threat",1,"contrast"
"516","42","mafia","Danish",0,1,"Male",4,1.0744514939106,9.21761449565929,"MX",1," safe",1,"contrast"
"517","42","pets","Danish",NA,1,"Male",4,1.90033105632756,12.8785201356241,"MX",1,"threat",1,"person"
"518","42","pollution","Danish",1,1,"Male",4,0.72155037613993,7.11841460404321,"WA",3,"threat",4,"contrast"
"519","42","pollution","Danish",1,1,"Male",4,0.72155037613993,7.11841460404321,"Politiken",3," safe",2,"contrast"
"520","42","sleep","Danish",NA,1,"Male",4,1.32929199311548,15.2164695775591,"MX",1,"threat",1,"person"
"521","42","volcano","Danish",1,1,"Male",4,1.28795896153679,8.48687039126889,"WA",3,"threat",4,"contrast"
"522","42","volcano","Danish",1,1,"Male",4,1.28795896153679,8.48687039126889,"Politiken",3," safe",2,"contrast"
"523","43","acid rain","Danish",0,0,"Male",2,1.74825106639764,20.4368356823506,"EB",1,"threat",3,"contrast"
"524","43","acid rain","Danish",0,0,"Male",2,1.74825106639764,20.4368356823506,"EB",1," safe",3,"contrast"
"525","43","bacteria","Danish",1,0,"Male",2,2.90369780398032,18.7311106960024,"Politiken",4," safe",2,"contrast"
"526","43","bacteria","Danish",1,0,"Male",2,2.90369780398032,18.7311106960024,"Politiken",4,"threat",2,"contrast"
"527","43","blue_eyes","Danish",NA,0,"Male",2,5.33929927702593,23.4512140924635,"WA",3,"threat",4,"person"
"528","43","corruption","Danish",1,0,"Male",2,1.14467345028424,13.4507655689977,"Politiken",4,"threat",2,"contrast"
"529","43","corruption","Danish",1,0,"Male",2,1.14467345028424,13.4507655689977,"Politiken",4," safe",2,"contrast"
"530","43","countryside","Danish",NA,0,"Male",2,6.74232634854707,36.8605559022399,"EB",1,"threat",3,"person"
"531","43","hayfever","Danish",NA,0,"Male",2,7.50931994810708,29.3212372268317,"WA",3," safe",4,"person"
"532","43","infertility","Danish",NA,0,"Male",2,8.86935137554065,33.9198821112022,"MX",0,"threat",1,"person"
"533","43","mafia","Danish",0,0,"Male",2,2.05492821571897,6.73573654326901,"Politiken",4," safe",2,"contrast"
"534","43","mafia","Danish",0,0,"Male",2,2.05492821571897,6.73573654326901,"Politiken",4,"threat",2,"contrast"
"535","43","pets","Danish",NA,0,"Male",2,2.61469576355739,27.7938254638157,"MX",0," safe",1,"person"
"536","43","pollution","Danish",0,0,"Male",2,1.32233800810354,13.7235535374839,"Politiken",4,"threat",2,"contrast"
"537","43","pollution","Danish",0,0,"Male",2,1.32233800810354,13.7235535374839,"WA",3," safe",4,"contrast"
"538","43","sleep","Danish",NA,0,"Male",2,3.56473876843847,35.83453948854,"EB",1," safe",3,"person"
"539","43","volcano","Danish",1,0,"Male",2,1.14882870714428,11.0612296111703,"EB",1,"threat",3,"contrast"
"540","43","volcano","Danish",1,0,"Male",2,1.14882870714428,11.0612296111703,"WA",3," safe",4,"contrast"
"541","47","acid rain","Danish",0,0,"Female",3,2.34046936021332,17.5594336475697,"Politiken",3,"threat",2,"contrast"
"542","47","acid rain","Danish",0,0,"Female",3,2.34046936021332,17.5594336475697,"EB",1," safe",3,"contrast"
"543","47","bacteria","Danish",0,0,"Female",3,2.29942574450251,11.7289098382971,"Politiken",3," safe",2,"contrast"
"544","47","bacteria","Danish",0,0,"Female",3,2.29942574450251,11.7289098382971,"Politiken",3,"threat",2,"contrast"
"545","47","blue_eyes","Danish",NA,0,"Female",3,3.2104746460318,15.3883804352881,"Politiken",3,"threat",2,"person"
"546","47","corruption","Danish",1,0,"Female",3,2.03747337845562,14.9933018921147,"EB",1," safe",3,"contrast"
"547","47","corruption","Danish",1,0,"Female",3,2.03747337845562,14.9933018921147,"Politiken",3,"threat",2,"contrast"
"548","47","countryside","Danish",NA,0,"Female",3,19.01159852407,30.7520745557122,"WA",2," safe",4,"person"
"549","47","hayfever","Danish",NA,0,"Female",3,4.05822714653186,19.6615413038016,"MX",2," safe",1,"person"
"550","47","infertility","Danish",NA,0,"Female",3,4.01275421967148,15.85378090023,"EB",1,"threat",3,"person"
"551","47","mafia","Danish",1,0,"Female",3,1.6483580603599,7.37578171106725,"EB",1,"threat",3,"contrast"
"552","47","mafia","Danish",1,0,"Female",3,1.6483580603599,7.37578171106725,"Politiken",3," safe",2,"contrast"
"553","47","pets","Danish",NA,0,"Female",3,3.5251122595073,15.3071728052309,"MX",2,"threat",1,"person"
"554","47","pollution","Danish",0,0,"Female",3,3.16190823202487,11.7338277028248,"WA",2," safe",4,"contrast"
"555","47","pollution","Danish",0,0,"Female",3,3.16190823202487,11.7338277028248,"Politiken",3,"threat",2,"contrast"
"556","47","sleep","Danish",NA,0,"Female",3,3.28399987683952,14.7309379506405,"EB",1,"threat",3,"person"
"557","47","volcano","Danish",1,0,"Female",3,1.77606191080122,15.4383976270256,"MX",2," safe",1,"contrast"
"558","47","volcano","Danish",1,0,"Female",3,1.77606191080122,15.4383976270256,"WA",2,"threat",4,"contrast"
"559","5","acid rain","Hungarian",0,1,"Female",1,7.91500266343155,33.2192430106734,"Politiken",0,"threat",2,"contrast"
"560","5","acid rain","Hungarian",0,1,"Female",1,7.91500266343155,33.2192430106734,"Politiken",0," safe",2,"contrast"
"561","5","bacteria","Hungarian",1,1,"Female",1,8.14223853467138,18.4297900969614,"MX",0," safe",1,"contrast"
"562","5","bacteria","Hungarian",1,1,"Female",1,8.14223853467138,18.4297900969614,"EB",0,"threat",3,"contrast"
"563","5","blue_eyes","Hungarian",NA,1,"Female",1,1.70204411956365,19.2987061572994,"EB",0," safe",3,"person"
"564","5","corruption","Hungarian",0,1,"Female",1,31.1870139494022,47.6285436725793,"Politiken",0," safe",2,"contrast"
"565","5","corruption","Hungarian",0,1,"Female",1,31.1870139494022,47.6285436725793,"MX",0,"threat",1,"contrast"
"566","5","countryside","Hungarian",NA,1,"Female",1,2.87154151617506,18.6104112974663,"WA",0," safe",4,"person"
"567","5","hayfever","Hungarian",NA,1,"Female",1,4.75726234133617,33.5577656734476,"MX",0," safe",1,"person"
"568","5","infertility","Hungarian",NA,1,"Female",1,2.69817418944967,30.11236345423,"WA",0," safe",4,"person"
"569","5","mafia","Hungarian",1,1,"Female",1,3.86010723519394,33.5211493913112,"WA",0," safe",4,"contrast"
"570","5","mafia","Hungarian",1,1,"Female",1,3.86010723519394,33.5211493913112,"MX",0,"threat",1,"contrast"
"571","5","pets","Hungarian",NA,1,"Female",1,1.50173456620905,11.8091730840488,"WA",0,"threat",4,"person"
"572","5","pollution","Hungarian",1,1,"Female",1,6.17409091795525,53.5923035552451,"MX",0," safe",1,"contrast"
"573","5","pollution","Hungarian",1,1,"Female",1,6.17409091795525,53.5923035552451,"Politiken",0,"threat",2,"contrast"
"574","5","sleep","Hungarian",NA,1,"Female",1,1.75870695786853,16.4899030798297,"WA",0," safe",4,"person"
"575","5","volcano","Hungarian",0,1,"Female",1,2.22689152392468,23.4778632402313,"Politiken",0,"threat",2,"contrast"
"576","5","volcano","Hungarian",0,1,"Female",1,2.22689152392468,23.4778632402313,"EB",0," safe",3,"contrast"
"577","55","acid rain","Danish",0,0,"Male",3,7.79036587030532,29.9077103007585,"Politiken",4," safe",2,"contrast"
"578","55","acid rain","Danish",0,0,"Male",3,7.79036587030532,29.9077103007585,"EB",2,"threat",3,"contrast"
"579","55","bacteria","Danish",0,0,"Male",3,2.03652493515801,22.4336713171506,"MX",1," safe",1,"contrast"
"580","55","bacteria","Danish",0,0,"Male",3,2.03652493515801,22.4336713171506,"EB",2,"threat",3,"contrast"
"581","55","blue_eyes","Danish",NA,0,"Male",3,3.51384573856012,25.3432526914003,"MX",1," safe",1,"person"
"582","55","corruption","Danish",0,0,"Male",3,2.04067095894789,27.050194137988,"MX",1," safe",1,"contrast"
"583","55","corruption","Danish",0,0,"Male",3,2.04067095894789,27.050194137988,"Politiken",4,"threat",2,"contrast"
"584","55","countryside","Danish",NA,0,"Male",3,7.26065090366865,20.0620666791874,"Politiken",4," safe",2,"person"
"585","55","hayfever","Danish",NA,0,"Male",3,3.75125704731727,45.9233475690926,"WA",4," safe",4,"person"
"586","55","infertility","Danish",NA,0,"Male",3,22.9684462905443,26.0640290996562,"WA",4,"threat",4,"person"
"587","55","mafia","Danish",1,0,"Male",3,3.16330940863554,18.7550243403784,"EB",2,"threat",3,"contrast"
"588","55","mafia","Danish",1,0,"Male",3,3.16330940863554,18.7550243403784,"Politiken",4," safe",2,"contrast"
"589","55","pets","Danish",NA,0,"Male",3,6.68868949930584,28.8076576479489,"Politiken",4,"threat",2,"person"
"590","55","pollution","Danish",1,0,"Male",3,6.28020839427336,17.1559221066873,"WA",4,"threat",4,"contrast"
"591","55","pollution","Danish",1,0,"Male",3,6.28020839427336,17.1559221066873,"MX",1," safe",1,"contrast"
"592","55","sleep","Danish",NA,0,"Male",3,212.040339441264,39.5355252502559,"EB",2,"threat",3,"person"
"593","55","volcano","Danish",1,0,"Male",3,6.68969790835945,49.8906509960398,"MX",1,"threat",1,"contrast"
"594","55","volcano","Danish",1,0,"Male",3,6.68969790835945,49.8906509960398,"EB",2," safe",3,"contrast"
"595","588725","acid rain","Danish",0,0,"Female",3,2.56836047512479,24.1510215245653,"MX",1,"threat",1,"contrast"
"596","588725","acid rain","Danish",0,0,"Female",3,2.56836047512479,24.1510215245653,"EB",2," safe",3,"contrast"
"597","588725","bacteria","Danish",0,0,"Female",3,3.89653043495491,16.6764188359957,"EB",2,"threat",3,"contrast"
"598","588725","bacteria","Danish",0,0,"Female",3,3.89653043495491,16.6764188359957,"Politiken",4," safe",2,"contrast"
"599","588725","blue_eyes","Danish",NA,0,"Female",3,4.26438846765086,20.8380058982875,"Politiken",4,"threat",2,"person"
"600","588725","corruption","Danish",0,0,"Female",3,2.10852726735175,17.6309101814404,"MX",1,"threat",1,"contrast"
"601","588725","corruption","Danish",0,0,"Female",3,2.10852726735175,17.6309101814404,"WA",3," safe",4,"contrast"
"602","588725","countryside","Danish",NA,0,"Female",3,3.39548808918335,13.1624860481825,"MX",1," safe",1,"person"
"603","588725","hayfever","Danish",NA,0,"Female",3,5.91130759567022,24.5060782881919,"EB",2," safe",3,"person"
"604","588725","infertility","Danish",NA,0,"Female",3,8.89402206381783,19.2245207685046,"Politiken",4," safe",2,"person"
"605","588725","mafia","Danish",1,0,"Female",3,3.13059103535488,13.244165338343,"EB",2,"threat",3,"contrast"
"606","588725","mafia","Danish",1,0,"Female",3,3.13059103535488,13.244165338343,"MX",1," safe",1,"contrast"
"607","588725","pets","Danish",NA,0,"Female",3,4.7971257197205,12.7435040054843,"EB",2,"threat",3,"person"
"608","588725","pollution","Danish",1,0,"Female",3,3.59315789374523,17.4791735643521,"WA",3,"threat",4,"contrast"
"609","588725","pollution","Danish",1,0,"Female",3,3.59315789374523,17.4791735643521,"WA",3," safe",4,"contrast"
"610","588725","sleep","Danish",NA,0,"Female",3,15.5637844789308,29.1019139396958,"WA",3," safe",4,"person"
"611","588725","volcano","Danish",1,0,"Female",3,3.96102957986295,14.9291064071003,"Politiken",4," safe",2,"contrast"
"612","588725","volcano","Danish",1,0,"Female",3,3.96102957986295,14.9291064071003,"MX",1,"threat",1,"contrast"
"613","6","acid rain","Denmark",1,1,"Male",1,1.08041013850925,16.5176618204769,"WA",3,"threat",4,"contrast"
"614","6","acid rain","Denmark",1,1,"Male",1,1.08041013850925,16.5176618204769,"MX",1," safe",1,"contrast"
"615","6","bacteria","Denmark",0,1,"Male",1,2.30398899728516,6.30314942446148,"WA",3," safe",4,"contrast"
"616","6","bacteria","Denmark",0,1,"Male",1,2.30398899728516,6.30314942446148,"Politiken",5,"threat",2,"contrast"
"617","6","blue_eyes","Denmark",NA,1,"Male",1,1.78716161776902,10.7381682327396,"WA",3,"threat",4,"person"
"618","6","corruption","Denmark",1,1,"Male",1,13.9523886257384,28.816692411513,"Politiken",5,"threat",2,"contrast"
"619","6","corruption","Denmark",1,1,"Male",1,13.9523886257384,28.816692411513,"WA",3," safe",4,"contrast"
"620","6","countryside","Denmark",NA,1,"Male",1,1.15782172933541,6.50016935148687,"Politiken",5," safe",2,"person"
"621","6","hayfever","Denmark",NA,1,"Male",1,1.11692231898633,9.75616413751413,"Politiken",5," safe",2,"person"
"622","6","infertility","Denmark",NA,1,"Male",1,0.651798974653502,7.00453554071919,"MX",1,"threat",1,"person"
"623","6","mafia","Denmark",0,1,"Male",1,0.769103104264104,7.57116406053501,"MX",1," safe",1,"contrast"
"624","6","mafia","Denmark",0,1,"Male",1,0.769103104264104,7.57116406053501,"WA",3,"threat",4,"contrast"
"625","6","pets","Denmark",NA,1,"Male",1,0.690866823018041,6.16486007974891,"EB",1,"threat",3,"person"
"626","6","pollution","Denmark",1,1,"Male",1,1.59939957200277,8.77598749878143,"WA",3,"threat",4,"contrast"
"627","6","pollution","Denmark",1,1,"Male",1,1.59939957200277,8.77598749878143,"EB",1," safe",3,"contrast"
"628","6","sleep","Denmark",NA,1,"Male",1,1.72341412596688,5.29895566583309,"EB",1," safe",3,"person"
"629","6","volcano","Denmark",0,1,"Male",1,3.55187287348417,12.2948352928497,"WA",3,"threat",4,"contrast"
"630","6","volcano","Denmark",0,1,"Male",1,3.55187287348417,12.2948352928497,"MX",1," safe",1,"contrast"
"631","7","acid rain","Danish",1,0,"Female",2,4.77182334306508,28.722663248167,"EB",1,"threat",3,"contrast"
"632","7","acid rain","Danish",1,0,"Female",2,4.77182334306508,28.722663248167,"EB",1," safe",3,"contrast"
"633","7","bacteria","Danish",0,0,"Female",2,1.8223033511531,11.4890519564433,"Politiken",4," safe",2,"contrast"
"634","7","bacteria","Danish",0,0,"Female",2,1.8223033511531,11.4890519564433,"MX",1,"threat",1,"contrast"
"635","7","blue_eyes","Danish",NA,0,"Female",2,6.75699587347481,34.5605936119691,"MX",1," safe",1,"person"
"636","7","corruption","Danish",1,0,"Female",2,1.58759948742954,4.10051867661787,"Politiken",4," safe",2,"contrast"
"637","7","corruption","Danish",1,0,"Female",2,1.58759948742954,4.10051867661787,"Politiken",4,"threat",2,"contrast"
"638","7","countryside","Danish",NA,0,"Female",2,6.10429931443559,30.3758447675345,"WA",1,"threat",4,"person"
"639","7","hayfever","Danish",NA,0,"Female",2,10.0592996146488,34.4110595587736,"Politiken",4,"threat",2,"person"
"640","7","infertility","Danish",NA,0,"Female",2,1.88012242554032,23.7245466390705,"Politiken",4," safe",2,"person"
"641","7","mafia","Danish",0,0,"Female",2,1.85496247844094,4.09993056599706,"MX",1,"threat",1,"contrast"
"642","7","mafia","Danish",0,0,"Female",2,1.85496247844094,4.09993056599706,"MX",1," safe",1,"contrast"
"643","7","pets","Danish",NA,0,"Female",2,31.0610701047362,31.3680941264383,"MX",1," safe",1,"person"
"644","7","pollution","Danish",1,0,"Female",2,10.7497481541996,30.3845468546078,"MX",1," safe",1,"contrast"
"645","7","pollution","Danish",1,0,"Female",2,10.7497481541996,30.3845468546078,"MX",1,"threat",1,"contrast"
"646","7","sleep","Danish",NA,0,"Female",2,15.0154473977127,37.5949087889694,"WA",1," safe",4,"person"
"647","7","volcano","Danish",0,0,"Female",2,1.40661485887722,9.71927981595218,"MX",1,"threat",1,"contrast"
"648","7","volcano","Danish",0,0,"Female",2,1.40661485887722,9.71927981595218,"WA",1," safe",4,"contrast"
"649","8","acid rain","Danish",1,1,"Female",2,4.12005064119967,35.3292514514178,"MX",2,"threat",1,"contrast"
"650","8","acid rain","Danish",1,1,"Female",2,4.12005064119967,35.3292514514178,"WA",3," safe",4,"contrast"
"651","8","bacteria","Danish",1,1,"Female",2,3.70579197181996,32.3074841515318,"Politiken",4,"threat",2,"contrast"
"652","8","bacteria","Danish",1,1,"Female",2,3.70579197181996,32.3074841515318,"MX",2," safe",1,"contrast"
"653","8","blue_eyes","Danish",NA,1,"Female",2,2.70034860728992,20.418808576982,"WA",3," safe",4,"person"
"654","8","corruption","Danish",0,1,"Female",2,11.7104260419346,25.0868459636122,"Politiken",4," safe",2,"contrast"
"655","8","corruption","Danish",0,1,"Female",2,11.7104260419346,25.0868459636122,"WA",3,"threat",4,"contrast"
"656","8","countryside","Danish",NA,1,"Female",2,1.8301708242434,22.256398018897,"EB",2,"threat",3,"person"
"657","8","hayfever","Danish",NA,1,"Female",2,0.896725924259954,32.347696897943,"MX",2," safe",1,"person"
"658","8","infertility","Danish",NA,1,"Female",2,7.69548719575141,32.3020110222114,"WA",3,"threat",4,"person"
"659","8","mafia","Danish",1,1,"Female",2,3.2275543964397,24.6457276490792,"MX",2,"threat",1,"contrast"
"660","8","mafia","Danish",1,1,"Female",2,3.2275543964397,24.6457276490792,"Politiken",4," safe",2,"contrast"
"661","8","pets","Danish",NA,1,"Female",2,4.81316435142617,26.2460850318494,"MX",2,"threat",1,"person"
"662","8","pollution","Danish",0,1,"Female",2,5.40119551824318,0.120145580621283,"Politiken",4,"threat",2,"contrast"
"663","8","pollution","Danish",0,1,"Female",2,5.40119551824318,0.120145580621283,"WA",3," safe",4,"contrast"
"664","8","sleep","Danish",NA,1,"Female",2,1.29791220515654,17.6177815890387,"EB",2," safe",3,"person"
"665","8","volcano","Danish",0,1,"Female",2,4.81561019618675,22.4570671108795,"WA",3,"threat",4,"contrast"
"666","8","volcano","Danish",0,1,"Female",2,4.81561019618675,22.4570671108795,"MX",2," safe",1,"contrast"
"667","9","acid rain","Danish",1,0,"Female",1,7.86286877607017,21.3448117835906,"Politiken",4," safe",2,"contrast"
"668","9","acid rain","Danish",1,0,"Female",1,7.86286877607017,21.3448117835906,"EB",1,"threat",3,"contrast"
"669","9","bacteria","Danish",0,0,"Female",1,4.29145728643198,19.4618188984132,"Politiken",4," safe",2,"contrast"
"670","9","bacteria","Danish",0,0,"Female",1,4.29145728643198,19.4618188984132,"Politiken",4,"threat",2,"contrast"
"671","9","blue_eyes","Danish",NA,0,"Female",1,11.2976437539,30.2869710069954,"MX",3,"threat",1,"person"
"672","9","corruption","Danish",1,0,"Female",1,4.69455272686901,35.5892478117712,"Politiken",4,"threat",2,"contrast"
"673","9","corruption","Danish",1,0,"Female",1,4.69455272686901,35.5892478117712,"Politiken",4," safe",2,"contrast"
"674","9","countryside","Danish",NA,0,"Female",1,8.23606954297611,32.9984809669259,"EB",1,"threat",3,"person"
"675","9","hayfever","Danish",NA,0,"Female",1,15.7611166535289,38.9678791219167,"WA",3," safe",4,"person"
"676","9","infertility","Danish",NA,0,"Female",1,32.0868917709467,44.6961328291791,"MX",3,"threat",1,"person"
"677","9","mafia","Danish",1,0,"Female",1,6.9649021250043,54.9536284362985,"MX",3,"threat",1,"contrast"
"678","9","mafia","Danish",1,0,"Female",1,6.9649021250043,54.9536284362985,"EB",1," safe",3,"contrast"
"679","9","pets","Danish",NA,0,"Female",1,5.28409716064016,30.9960289601604,"WA",3,"threat",4,"person"
"680","9","pollution","Danish",0,0,"Female",1,2.52838847012754,31.8670440642745,"EB",1," safe",3,"contrast"
"681","9","pollution","Danish",0,0,"Female",1,2.52838847012754,31.8670440642745,"EB",1,"threat",3,"contrast"
"682","9","sleep","Danish",NA,0,"Female",1,11.5281924327519,41.6493563610529,"WA",3," safe",4,"person"
"683","9","volcano","Danish",0,0,"Female",1,5.21234029625157,28.6158339696849,"MX",3,"threat",1,"contrast"
"684","9","volcano","Danish",0,0,"Female",1,5.21234029625157,28.6158339696849,"MX",3," safe",1,"contrast"
